"2017-01-06 10:53:37","L'utilisateur (id = 7) a essayé de modifier l'article appartenant à l'utilisateur 6 !"
"2017-01-06 11:27:32","L'utilisateur (id = 7) a essayé de modifier l'article appartenant à l'utilisateur 6 !"
"2017-01-06 11:29:42","L'utilisateur (id = 7) a essayé de modifier l'article appartenant à l'utilisateur 6 !"
"2017-01-06 11:29:52","L'utilisateur (id = 7) a essayé de modifier l'article appartenant à l'utilisateur 6 !"
"2017-01-06 11:30:09","L'utilisateur (id = 7) a essayé de modifier l'article appartenant à l'utilisateur 6 !"
"2017-01-06 11:30:22","L'utilisateur (id = 7) a essayé de modifier l'article appartenant à l'utilisateur 6 !"
"2017-01-06 11:44:39","L'utilisateur (id = 7) a essayé de modifier l'article appartenant à l'utilisateur 6 !"
"2017-01-06 11:44:48","L'utilisateur (id = 7) a essayé de modifier l'article appartenant à l'utilisateur 6 !"
"2017-01-06 11:49:59","L'utilisateur (id = 7) a essayé de modifier l'article appartenant à l'utilisateur 6 !"
"2017-01-06 11:50:04","L'utilisateur (id = 7) a essayé de modifier l'article appartenant à l'utilisateur 6 !"
"2017-01-06 11:50:53","L'utilisateur (id = 7) a essayé de modifier l'article appartenant à l'utilisateur 6 !"
"2017-01-06 12:00:24","L'utilisateur (id = 7) a essayé de modifier l'article appartenant à l'utilisateur 6 !"
"2017-01-06 12:00:43","L'utilisateur (id = 7) a essayé de modifier l'article appartenant à l'utilisateur 6 !"
"2017-01-06 12:00:55","L'utilisateur (id = 7) a essayé de modifier l'article appartenant à l'utilisateur 6 !"
"2017-01-06 12:02:40","L'utilisateur (id = 7) a essayé de modifier l'article appartenant à l'utilisateur 6 !"
"2017-01-06 12:13:01","L'utilisateur (id = 7) a essayé de modifier l'article appartenant à l'utilisateur 6 !"
"2017-01-06 12:36:42","L'utilisateur (id = 7) a essayé de modifier l'article appartenant à l'utilisateur 6 !"
"2017-01-06 12:36:56","L'utilisateur (id = 7) a essayé de modifier l'article appartenant à l'utilisateur 6 !"
"2017-01-06 12:37:10","L'utilisateur (id = 7) a essayé de modifier l'article appartenant à l'utilisateur 6 !"
"2017-01-06 12:38:27","L'utilisateur (id = 7) a essayé de modifier l'article appartenant à l'utilisateur 6 !"
"2017-01-06 13:15:02","L'utilisateur (id = 7) a essayé de modifier l'article appartenant à l'utilisateur 6 !"
"2017-01-06 13:18:17","L'utilisateur (id = 7) a essayé de modifier l'article appartenant à l'utilisateur 6 !"
"2017-01-06 13:22:41","L'utilisateur (id = 7) a essayé de modifier l'article appartenant à l'utilisateur 6 !"
"2017-01-06 13:23:14","L'utilisateur (id = 7) a essayé de modifier l'article appartenant à l'utilisateur 6 !"
"2017-01-06 13:23:46","L'utilisateur (id = 7) a essayé de modifier l'article appartenant à l'utilisateur 6 !"
"2017-01-06 13:23:57","L'utilisateur (id = 7) a essayé de modifier l'article appartenant à l'utilisateur 6 !"
"2017-01-06 13:24:02","L'utilisateur (id = 7) a essayé de modifier l'article appartenant à l'utilisateur 6 !"
"2017-01-06 13:24:11","L'utilisateur (id = 7) a essayé de modifier l'article appartenant à l'utilisateur 6 !"
"2017-01-06 13:24:53","L'utilisateur (id = 7) a essayé de modifier l'article appartenant à l'utilisateur 6 !"
"2017-01-06 13:25:01","L'utilisateur (id = 7) a essayé de modifier l'article appartenant à l'utilisateur 6 !"
"2017-01-06 13:26:14","L'utilisateur (id = 7) a essayé de modifier l'article appartenant à l'utilisateur 6 !"
"2017-01-06 13:26:24","L'utilisateur (id = 7) a essayé de modifier l'article appartenant à l'utilisateur 6 !"
"2017-01-06 13:37:48","L'utilisateur (id = 7) a essayé de modifier l'article appartenant à l'utilisateur 6 !"
"2017-01-06 13:46:45","L'utilisateur (id = 7) a essayé de modifier l'article appartenant à l'utilisateur 6 !"
"2017-01-06 13:47:16","L'utilisateur (id = 7) a essayé de modifier l'article appartenant à l'utilisateur 6 !"
"2017-01-06 13:47:23","L'utilisateur (id = 7) a essayé de modifier l'article appartenant à l'utilisateur 6 !"
"2017-01-06 13:47:31","L'utilisateur (id = 7) a essayé de modifier l'article appartenant à l'utilisateur 6 !"
"2017-01-06 13:47:47","L'utilisateur (id = 7) a essayé de modifier l'article appartenant à l'utilisateur 6 !"
"2017-01-06 13:55:30","L'utilisateur (id = 7) a essayé de modifier l'article appartenant à l'utilisateur 6 !"
"2017-01-06 13:55:40","L'utilisateur (id = 7) a essayé de modifier l'article appartenant à l'utilisateur 6 !"
"2017-01-06 13:55:47","L'utilisateur (id = 7) a essayé de modifier l'article appartenant à l'utilisateur 6 !"
"2017-01-06 13:56:11","L'utilisateur (id = 7) a essayé de modifier l'article appartenant à l'utilisateur 6 !"
"2017-01-06 13:56:13","L'utilisateur (id = 7) a essayé de modifier l'article appartenant à l'utilisateur 6 !"
"2017-01-06 13:57:03","L'utilisateur (id = 7) a essayé de modifier l'article appartenant à l'utilisateur 6 !"
"2017-01-06 13:57:24","L'utilisateur (id = 7) a essayé de modifier l'article appartenant à l'utilisateur 6 !"
"2017-01-06 13:58:30","L'utilisateur (id = 7) a essayé de modifier l'article appartenant à l'utilisateur 6 !"
"2017-01-06 13:58:41","L'utilisateur (id = 7) a essayé de modifier l'article appartenant à l'utilisateur 6 !"
"2017-01-06 13:58:45","L'utilisateur (id = 7) a essayé de modifier l'article appartenant à l'utilisateur 6 !"
"2017-01-06 13:59:04","L'utilisateur (id = 7) a essayé de modifier l'article appartenant à l'utilisateur 6 !"
"2017-01-06 13:59:35","L'utilisateur (id = 7) a essayé de modifier l'article appartenant à l'utilisateur 6 !"
"2017-01-06 14:15:30","L'utilisateur (id = 7) a essayé de modifier l'article appartenant à l'utilisateur 6 !"
"2017-01-06 14:15:58","L'utilisateur (id = 7) a essayé de modifier l'article appartenant à l'utilisateur 6 !"
"2017-01-06 14:16:12","L'utilisateur (id = 7) a essayé de modifier l'article appartenant à l'utilisateur 6 !"
"2017-01-06 14:16:23","L'utilisateur (id = 7) a essayé de modifier l'article appartenant à l'utilisateur 6 !"
"2017-01-06 14:16:34","L'utilisateur (id = 7) a essayé de modifier l'article appartenant à l'utilisateur 6 !"
"2017-01-06 14:17:38","L'utilisateur (id = 7) a essayé de modifier l'article appartenant à l'utilisateur 6 !"
"2017-01-06 14:19:38","L'utilisateur (id = 7) a essayé de modifier l'article appartenant à l'utilisateur 6 !"
"2017-01-06 14:19:38","L'utilisateur (id = 7) a essayé de modifier l'article appartenant à l'utilisateur 6 !"
"2017-01-06 14:19:38","L'utilisateur (id = 7) a essayé de modifier l'article appartenant à l'utilisateur 6 !"
"2017-01-06 14:19:38","L'utilisateur (id = 7) a essayé de modifier l'article appartenant à l'utilisateur 6 !"
"2017-01-06 14:19:38","L'utilisateur (id = 7) a essayé de modifier l'article appartenant à l'utilisateur 6 !"
"2017-01-06 14:19:38","L'utilisateur (id = 7) a essayé de modifier l'article appartenant à l'utilisateur 6 !"
"2017-01-06 14:19:38","L'utilisateur (id = 7) a essayé de modifier l'article appartenant à l'utilisateur 6 !"
"2017-01-06 14:20:01","L'utilisateur (id = 7) a essayé de modifier l'article appartenant à l'utilisateur 6 !"
"2017-01-06 14:20:06","L'utilisateur (id = 7) a essayé de modifier l'article appartenant à l'utilisateur 6 !"
"2017-01-06 14:20:45","L'utilisateur (id = 7) a essayé de modifier l'article appartenant à l'utilisateur 6 !"
"2017-01-06 14:21:02","L'utilisateur (id = 7) a essayé de modifier l'article appartenant à l'utilisateur 6 !"
"2017-01-06 14:26:29","L'utilisateur (id = 7) a essayé de modifier l'article appartenant à l'utilisateur 6 !"
"2017-01-06 14:26:40","L'utilisateur (id = 7) a essayé de modifier l'article appartenant à l'utilisateur 6 !"
"2017-01-06 14:27:22","L'utilisateur (id = 7) a essayé de modifier l'article appartenant à l'utilisateur 6 !"
"2017-01-06 14:27:51","L'utilisateur (id = 7) a essayé de modifier l'article appartenant à l'utilisateur 6 !"
"2017-01-06 14:28:09","L'utilisateur (id = 7) a essayé de modifier l'article appartenant à l'utilisateur 6 !"
"2017-01-06 14:28:32","L'utilisateur (id = 7) a essayé de modifier l'article appartenant à l'utilisateur 6 !"
"2017-01-06 14:28:50","L'utilisateur (id = 7) a essayé de modifier l'article appartenant à l'utilisateur 6 !"
"2017-01-06 14:29:34","L'utilisateur (id = 7) a essayé de modifier l'article appartenant à l'utilisateur 6 !"
"2017-01-06 14:29:43","L'utilisateur (id = 7) a essayé de modifier l'article appartenant à l'utilisateur 6 !"
"2017-01-06 14:30:50","L'utilisateur (id = 7) a essayé de modifier l'article appartenant à l'utilisateur 6 !"
"2017-01-06 14:30:58","L'utilisateur (id = 7) a essayé de modifier l'article appartenant à l'utilisateur 6 !"
"2017-01-06 14:31:10","L'utilisateur (id = 7) a essayé de modifier l'article appartenant à l'utilisateur 6 !"
"2017-01-06 14:31:26","L'utilisateur (id = 7) a essayé de modifier l'article appartenant à l'utilisateur 6 !"
"2017-01-06 14:39:49","L'utilisateur (id = 7) a essayé de modifier l'article appartenant à l'utilisateur 6 !"
"2017-01-06 14:42:05","L'utilisateur (id = 7) a essayé de modifier l'article appartenant à l'utilisateur 6 !"
"2017-01-06 14:42:35","L'utilisateur (id = 7) a essayé de modifier l'article appartenant à l'utilisateur 6 !"
"2017-01-06 14:47:38","L'utilisateur (id = 7) a essayé de modifier l'article appartenant à l'utilisateur 6 !"
"2017-01-06 14:47:45","L'utilisateur (id = 7) a essayé de modifier l'article appartenant à l'utilisateur 6 !"
"2017-01-06 15:01:30","L'utilisateur (id = 7) a essayé de modifier l'article appartenant à l'utilisateur 6 !"
"2017-01-06 15:14:34","L'utilisateur (id = 7) a essayé de modifier l'article appartenant à l'utilisateur 6 !"
"2017-01-06 15:14:44","Un utilisateur a essayé de se connecter avec l'adresse mail Jean-Charles@gmail.fr (déjà existante)."
"2017-01-06 15:14:44","L'utilisateur (id = 7) a essayé de modifier l'article appartenant à l'utilisateur 6 !"
"2017-01-06 15:15:25","Un utilisateur a essayé de se connecter avec l'adresse mail Jean-Charles@gmail.fr (déjà existante)."
"2017-01-06 15:15:25","L'utilisateur (id = 7) a essayé de modifier l'article appartenant à l'utilisateur 6 !"
"2017-01-06 15:24:43","Un utilisateur a essayé de se connecter avec l'adresse mail Jean-Charles@gmail.fr (déjà existante)."
"2017-01-06 15:24:43","L'utilisateur (id = 7) a essayé de modifier l'article appartenant à l'utilisateur 6 !"
"2017-01-06 15:26:08","Un utilisateur a essayé de se connecter avec l'adresse mail Jean-Charles@gmail.fr (déjà existante)."
"2017-01-06 15:26:08","L'utilisateur (id = 7) a essayé de modifier l'article appartenant à l'utilisateur 6 !"
"2017-01-06 15:26:23","Un utilisateur a essayé de se connecter avec l'adresse mail Jean-Charles@gmail.fr (déjà existante)."
"2017-01-06 15:26:23","L'utilisateur (id = 7) a essayé de modifier l'article appartenant à l'utilisateur 6 !"
"2017-01-06 15:38:58","Un utilisateur a essayé de se connecter avec l'adresse mail Jean-Charles@gmail.fr (déjà existante)."
"2017-01-06 15:38:58","L'utilisateur (id = 7) a essayé de modifier l'article appartenant à l'utilisateur 6 !"
"2017-01-06 15:56:54","Un utilisateur a essayé de se connecter avec l'adresse mail Jean-Charles@gmail.fr (déjà existante)."
"2017-01-06 15:56:54","L'utilisateur (id = 7) a essayé de modifier l'article appartenant à l'utilisateur 6 !"
"2017-01-06 15:57:00","Un utilisateur a essayé de se connecter avec l'adresse mail Jean-Charles@gmail.fr (déjà existante)."
"2017-01-06 15:57:00","L'utilisateur (id = 7) a essayé de modifier l'article appartenant à l'utilisateur 6 !"
"2017-01-06 16:01:01","Un utilisateur a essayé de se connecter avec l'adresse mail Jean-Charles@gmail.fr (déjà existante)."
"2017-01-06 16:01:01","L'utilisateur (id = 7) a essayé de modifier l'article appartenant à l'utilisateur 6 !"
"2017-01-06 16:01:35","Un utilisateur a essayé de se connecter avec l'adresse mail Jean-Charles@gmail.fr (déjà existante)."
"2017-01-06 16:01:35","L'utilisateur (id = 7) a essayé de modifier l'article appartenant à l'utilisateur 6 !"
"2017-01-06 16:01:51","Un utilisateur a essayé de se connecter avec l'adresse mail Jean-Charles@gmail.fr (déjà existante)."
"2017-01-06 16:01:51","L'utilisateur (id = 7) a essayé de modifier l'article appartenant à l'utilisateur 6 !"
"2017-01-06 16:02:58","Un utilisateur a essayé de se connecter avec l'adresse mail Jean-Charles@gmail.fr (déjà existante)."
"2017-01-06 16:02:58","L'utilisateur (id = 7) a essayé de modifier l'article appartenant à l'utilisateur 6 !"
"2017-01-06 16:03:41","Un utilisateur a essayé de se connecter avec l'adresse mail Jean-Charles@gmail.fr (déjà existante)."
"2017-01-06 16:03:41","L'utilisateur (id = 7) a essayé de modifier l'article appartenant à l'utilisateur 6 !"
"2017-01-06 16:04:26","Un utilisateur a essayé de se connecter avec l'adresse mail Jean-Charles@gmail.fr (déjà existante)."
"2017-01-06 16:04:26","L'utilisateur (id = 7) a essayé de modifier l'article appartenant à l'utilisateur 6 !"
"2017-01-06 16:05:33","Un utilisateur a essayé de se connecter avec l'adresse mail Jean-Charles@gmail.fr (déjà existante)."
"2017-01-06 16:05:33","L'utilisateur (id = 7) a essayé de modifier l'article appartenant à l'utilisateur 6 !"
"2017-01-06 16:06:20","Un utilisateur a essayé de se connecter avec l'adresse mail Jean-Charles@gmail.fr (déjà existante)."
"2017-01-06 16:06:21","L'utilisateur (id = 7) a essayé de modifier l'article appartenant à l'utilisateur 6 !"
"2017-01-06 16:06:57","L'utilisateur (id = 7) a essayé de modifier l'article appartenant à l'utilisateur 6 !"
"2017-01-06 16:07:16","L'utilisateur (id = 7) a essayé de modifier l'article appartenant à l'utilisateur 6 !"
"2017-01-06 16:07:42","L'utilisateur (id = 7) a essayé de modifier l'article appartenant à l'utilisateur 6 !"
"2017-01-06 16:07:58","L'utilisateur (id = 7) a essayé de modifier l'article appartenant à l'utilisateur 6 !"
"2017-01-06 16:08:43","Un utilisateur a essayé de se connecter avec l'adresse mail Jean-Charles@gmail.fr (déjà existante)."
"2017-01-06 16:08:43","L'utilisateur (id = 7) a essayé de modifier l'article appartenant à l'utilisateur 6 !"
"2017-01-06 16:08:56","Un utilisateur a essayé de se connecter avec l'adresse mail Jean-Charles@gmail.fr (déjà existante)."
"2017-01-06 16:08:56","L'utilisateur (id = 7) a essayé de modifier l'article appartenant à l'utilisateur 6 !"
"2017-01-06 16:15:15","Un utilisateur a essayé de se connecter avec l'adresse mail Jean-Charles@gmail.fr (déjà existante)."
"2017-01-06 16:15:15","L'utilisateur (id = 7) a essayé de modifier l'article appartenant à l'utilisateur 6 !"
"2017-01-06 16:16:01","Un utilisateur a essayé de se connecter avec l'adresse mail Jean-Charles@gmail.fr (déjà existante)."
"2017-01-06 16:16:01","L'utilisateur (id = 7) a essayé de modifier l'article appartenant à l'utilisateur 6 !"
"2017-01-06 16:16:45","Un utilisateur a essayé de se connecter avec l'adresse mail Jean-Charles@gmail.fr (déjà existante)."
"2017-01-06 16:16:45","L'utilisateur (id = 7) a essayé de modifier l'article appartenant à l'utilisateur 6 !"
"2017-01-06 16:17:10","Un utilisateur a essayé de se connecter avec l'adresse mail Jean-Charles@gmail.fr (déjà existante)."
"2017-01-06 16:17:10","L'utilisateur (id = 7) a essayé de modifier l'article appartenant à l'utilisateur 6 !"
"2017-01-06 16:17:17","Un utilisateur a essayé de se connecter avec l'adresse mail Jean-Charles@gmail.fr (déjà existante)."
"2017-01-06 16:17:17","L'utilisateur (id = 7) a essayé de modifier l'article appartenant à l'utilisateur 6 !"
"2017-01-06 16:17:20","Un utilisateur a essayé de se connecter avec l'adresse mail Jean-Charles@gmail.fr (déjà existante)."
"2017-01-06 16:17:20","L'utilisateur (id = 7) a essayé de modifier l'article appartenant à l'utilisateur 6 !"
"2017-01-06 16:17:24","Un utilisateur a essayé de se connecter avec l'adresse mail Jean-Charles@gmail.fr (déjà existante)."
"2017-01-06 16:17:24","L'utilisateur (id = 7) a essayé de modifier l'article appartenant à l'utilisateur 6 !"
"2017-01-06 16:17:32","Un utilisateur a essayé de se connecter avec l'adresse mail Jean-Charles@gmail.fr (déjà existante)."
"2017-01-06 16:17:32","L'utilisateur (id = 7) a essayé de modifier l'article appartenant à l'utilisateur 6 !"
"2017-01-06 16:17:36","Un utilisateur a essayé de se connecter avec l'adresse mail Jean-Charles@gmail.fr (déjà existante)."
"2017-01-06 16:17:36","L'utilisateur (id = 7) a essayé de modifier l'article appartenant à l'utilisateur 6 !"
"2017-01-06 16:18:03","Un utilisateur a essayé de se connecter avec l'adresse mail Jean-Charles@gmail.fr (déjà existante)."
"2017-01-06 16:18:03","L'utilisateur (id = 7) a essayé de modifier l'article appartenant à l'utilisateur 6 !"
"2017-01-06 16:18:22","Un utilisateur a essayé de se connecter avec l'adresse mail Jean-Charles@gmail.fr (déjà existante)."
"2017-01-06 16:18:22","L'utilisateur (id = 7) a essayé de modifier l'article appartenant à l'utilisateur 6 !"
"2017-01-06 16:23:32","Un utilisateur a essayé de se connecter avec l'adresse mail Jean-Charles@gmail.fr (déjà existante)."
"2017-01-06 16:23:32","L'utilisateur (id = 7) a essayé de modifier l'article appartenant à l'utilisateur 6 !"
"2017-01-06 16:24:30","Un utilisateur a essayé de se connecter avec l'adresse mail Jean-Charles@gmail.fr (déjà existante)."
"2017-01-06 16:24:30","L'utilisateur (id = 7) a essayé de modifier l'article appartenant à l'utilisateur 6 !"
"2017-01-06 16:32:26","Un utilisateur a essayé de se connecter avec l'adresse mail Jean-Charles@gmail.fr (déjà existante)."
"2017-01-06 16:32:26","L'utilisateur (id = 7) a essayé de modifier l'article appartenant à l'utilisateur 6 !"
"2017-01-06 16:35:46","Un utilisateur a essayé de se connecter avec l'adresse mail Jean-Charles@gmail.fr (déjà existante)."
"2017-01-06 16:36:59","Un utilisateur a essayé de se connecter avec l'adresse mail Jean-Charles@gmail.fr (déjà existante)."
"2017-01-06 16:37:13","Un utilisateur a essayé de se connecter avec l'adresse mail Jean-Charles@gmail.fr (déjà existante)."
"2017-01-06 16:38:07","Un utilisateur a essayé de se connecter avec l'adresse mail Jean-Charles@gmail.fr (déjà existante)."
"2017-01-06 16:39:32","Un utilisateur a essayé de se connecter avec l'adresse mail Jean-Charles@gmail.fr (déjà existante)."
"2017-01-06 16:39:32","L'utilisateur (id = 7) a essayé de modifier l'article appartenant à l'utilisateur 6 !"
"2017-01-06 16:40:28","L'utilisateur (id = 7) a essayé de modifier l'article appartenant à l'utilisateur 6 !"
"2017-01-06 16:41:03","L'utilisateur (id = 7) a essayé de modifier l'article appartenant à l'utilisateur 6 !"
"2017-01-06 16:41:48","L'utilisateur (id = 7) a essayé de modifier l'article appartenant à l'utilisateur 6 !"
"2017-01-06 16:42:09","Un utilisateur a essayé de se connecter avec l'adresse mail Jean-Charles@gmail.fr (déjà existante)."
"2017-01-06 16:42:09","L'utilisateur (id = 7) a essayé de modifier l'article appartenant à l'utilisateur 6 !"
"2017-01-06 16:51:25","Un utilisateur a essayé de se connecter avec l'adresse mail Jean-Charles@gmail.fr (déjà existante)."
"2017-01-06 16:51:25","L'utilisateur (id = 7) a essayé de modifier l'article appartenant à l'utilisateur 6 !"
"2017-01-06 16:54:28","Un utilisateur a essayé de se connecter avec l'adresse mail Jean-Charles@gmail.fr (déjà existante)."
"2017-01-06 16:54:28","L'utilisateur (id = 7) a essayé de modifier l'article appartenant à l'utilisateur 6 !"
"2017-01-06 16:54:47","Un utilisateur a essayé de se connecter avec l'adresse mail Jean-Charles@gmail.fr (déjà existante)."
"2017-01-06 16:54:47","L'utilisateur (id = 7) a essayé de modifier l'article appartenant à l'utilisateur 6 !"
"2017-01-06 16:54:47","Un utilisateur a essayé de se connecter avec l'adresse mail seb@gmail.fr (déjà existante)."
